{
    "loss": 5.708859443664551,
    "accuracy": 0.5035971403121948
}