{
    "loss": 2.109362840652466,
    "accuracy": 0.8273381590843201
}